[
    {
        "model": "model.user",
        "pk": 1,
        "fields": {
            "is_superuser": false,
            "first_name": "John",
            "last_name": "Doe",
            "is_staff": false,
            "is_active": false,
            "email": "model1@gmail.com",
            "groups": [],
            "user_permissions": []
        }
    },
    {
        "model": "model.user",
        "pk": 2,
        "fields": {
            "is_superuser": false,
            "first_name": "Michael",
            "last_name": "Smith",
            "is_staff": false,
            "is_active": false,
            "email": "model2@gmail.com",
            "groups": [],
            "user_permissions": []
        }
    },
    {
        "model": "model.user",
        "pk": 3,
        "fields": {
            "is_superuser": false,
            "first_name": "David",
            "last_name": "Johnson",
            "is_staff": false,
            "is_active": false,
            "email": "model3@gmail.com",
            "groups": [],
            "user_permissions": []
        }
    },
    {
        "model": "model.user",
        "pk": 4,
        "fields": {
            "is_superuser": false,
            "first_name": "James",
            "last_name": "Brown",
            "is_staff": false,
            "is_active": false,
            "email": "model4@gmail.com",
            "groups": [],
            "user_permissions": []
        }
    },
    {
        "model": "model.user",
        "pk": 5,
        "fields": {
            "is_superuser": false,
            "first_name": "Robert",
            "last_name": "Williams",
            "is_staff": false,
            "is_active": false,
            "email": "model5@gmail.com",
            "groups": [],
            "user_permissions": []
        }
    },
    {
        "model": "model.user",
        "pk": 6,
        "fields": {
            "is_superuser": false,
            "first_name": "William",
            "last_name": "Jones",
            "is_staff": false,
            "is_active": false,
            "email": "model6@gmail.com",
            "groups": [],
            "user_permissions": []
        }
    },
    {
        "model": "model.user",
        "pk": 7,
        "fields": {
            "is_superuser": false,
            "first_name": "Joseph",
            "last_name": "Garcia",
            "is_staff": false,
            "is_active": false,
            "email": "model7@gmail.com",
            "groups": [],
            "user_permissions": []
        }
    },
    {
        "model": "model.user",
        "pk": 8,
        "fields": {
            "is_superuser": false,
            "first_name": "Daniel",
            "last_name": "Martinez",
            "is_staff": false,
            "is_active": false,
            "email": "model8@gmail.com",
            "groups": [],
            "user_permissions": []
        }
    },
    {
        "model": "model.user",
        "pk": 9,
        "fields": {
            "is_superuser": false,
            "first_name": "Matthew",
            "last_name": "Hernandez",
            "is_staff": false,
            "is_active": false,
            "email": "model9@gmail.com",
            "groups": [],
            "user_permissions": []
        }
    },
    {
        "model": "model.user",
        "pk": 10,
        "fields": {
            "is_superuser": false,
            "first_name": "Christopher",
            "last_name": "Lopez",
            "is_staff": false,
            "is_active": false,
            "email": "model10@gmail.com",
            "groups": [],
            "user_permissions": []
        }
    },
    {
        "model": "model.user",
        "pk": 11,
        "fields": {
            "is_superuser": false,
            "first_name": "Andrew",
            "last_name": "Gonzalez",
            "is_staff": false,
            "is_active": false,
            "email": "model11@gmail.com",
            "groups": [],
            "user_permissions": []
        }
    },
    {
        "model": "model.user",
        "pk": 12,
        "fields": {
            "is_superuser": false,
            "first_name": "Joshua",
            "last_name": "Perez",
            "is_staff": false,
            "is_active": false,
            "email": "model12@gmail.com",
            "groups": [],
            "user_permissions": []
        }
    },
    {
        "model": "model.user",
        "pk": 13,
        "fields": {
            "is_superuser": false,
            "first_name": "Emily",
            "last_name": "Davis",
            "is_staff": false,
            "is_active": false,
            "email": "model13@gmail.com",
            "groups": [],
            "user_permissions": []
        }
    },
    {
        "model": "model.user",
        "pk": 14,
        "fields": {
            "is_superuser": false,
            "first_name": "Sarah",
            "last_name": "Miller",
            "is_staff": false,
            "is_active": false,
            "email": "model14@gmail.com",
            "groups": [],
            "user_permissions": []
        }
    },
    {
        "model": "model.user",
        "pk": 15,
        "fields": {
            "is_superuser": false,
            "first_name": "Jessica",
            "last_name": "Wilson",
            "is_staff": false,
            "is_active": false,
            "email": "model15@gmail.com",
            "groups": [],
            "user_permissions": []
        }
    },
    {
        "model": "model.user",
        "pk": 16,
        "fields": {
            "is_superuser": false,
            "first_name": "Emma",
            "last_name": "Moore",
            "is_staff": false,
            "is_active": false,
            "email": "model16@gmail.com",
            "groups": [],
            "user_permissions": []
        }
    },
    {
        "model": "model.user",
        "pk": 17,
        "fields": {
            "is_superuser": false,
            "first_name": "Olivia",
            "last_name": "Taylor",
            "is_staff": false,
            "is_active": false,
            "email": "model17@gmail.com",
            "groups": [],
            "user_permissions": []
        }
    },
    {
        "model": "model.user",
        "pk": 18,
        "fields": {
            "is_superuser": false,
            "first_name": "Sophia",
            "last_name": "Anderson",
            "is_staff": false,
            "is_active": false,
            "email": "model18@gmail.com",
            "groups": [],
            "user_permissions": []
        }
    },
    {
        "model": "model.user",
        "pk": 19,
        "fields": {
            "is_superuser": false,
            "first_name": "Isabella",
            "last_name": "Thomas",
            "is_staff": false,
            "is_active": false,
            "email": "model19@gmail.com",
            "groups": [],
            "user_permissions": []
        }
    },
    {
        "model": "model.user",
        "pk": 20,
        "fields": {
            "is_superuser": false,
            "first_name": "Mia",
            "last_name": "Jackson",
            "is_staff": false,
            "is_active": false,
            "email": "model20@gmail.com",
            "groups": [],
            "user_permissions": []
        }
    },
    {
        "model": "model.user",
        "pk": 21,
        "fields": {
            "is_superuser": false,
            "first_name": "Charlotte",
            "last_name": "White",
            "is_staff": false,
            "is_active": false,
            "email": "model21@gmail.com",
            "groups": [],
            "user_permissions": []
        }
    },
    {
        "model": "model.user",
        "pk": 22,
        "fields": {
            "is_superuser": false,
            "first_name": "Amelia",
            "last_name": "Harris",
            "is_staff": false,
            "is_active": false,
            "email": "model22@gmail.com",
            "groups": [],
            "user_permissions": []
        }
    },
    {
        "model": "model.user",
        "pk": 23,
        "fields": {
            "is_superuser": false,
            "first_name": "Avery",
            "last_name": "Martin",
            "is_staff": false,
            "is_active": false,
            "email": "model23@gmail.com",
            "groups": [],
            "user_permissions": []
        }
    },
    {
        "model": "model.user",
        "pk": 24,
        "fields": {
            "is_superuser": false,
            "first_name": "Ella",
            "last_name": "Thompson",
            "is_staff": false,
            "is_active": false,
            "email": "model24@gmail.com",
            "groups": [],
            "user_permissions": []
        }
    },
    {
        "model": "model.user",
        "pk": 25,
        "fields": {
            "id": 25,
            "password": "pbkdf2_sha256$870000$caIwMjH8mMcugaumynwAZD$EWBLB4vdNi+w6hl3dSZQX0YHF+AcKKC1RgP6TcPDYmE=",
            "is_superuser": true,
            "first_name": "Main",
            "last_name": "Admin",
            "is_staff": true,
            "is_active": true,
            "email": "testadmin@gmail.com",
            "groups": [],
            "user_permissions": []
        }
    },
    {
        "model": "model.model",
        "pk": 1,
        "fields": {
            "model_user": 1,
            "date_of_birth": "2002-08-25",
            "city": "New York",
            "country": "USA",
            "height": 180,
            "hair": "black",
            "eye_color": "blue",
            "gender": "men",
            "bust": 106,
            "waist": 73,
            "hips": 111
        }
    },
    {
        "model": "model.model",
        "pk": 2,
        "fields": {
            "model_user": 2,
            "date_of_birth": "2005-05-19",
            "city": "Toronto",
            "country": "Canada",
            "height": 176,
            "hair": "grey",
            "eye_color": "green",
            "gender": "men",
            "bust": 112,
            "waist": 98,
            "hips": 97
        }
    },
    {
        "model": "model.model",
        "pk": 3,
        "fields": {
            "model_user": 3,
            "date_of_birth": "2004-09-12",
            "city": "London",
            "country": "UK",
            "height": 182,
            "hair": "blonde",
            "eye_color": "blue",
            "gender": "men",
            "bust": 99,
            "waist": 79,
            "hips": 107
        }
    },
    {
        "model": "model.model",
        "pk": 4,
        "fields": {
            "model_user": 4,
            "date_of_birth": "2000-12-07",
            "city": "Sydney",
            "country": "Australia",
            "height": 176,
            "hair": "red",
            "eye_color": "gray",
            "gender": "men",
            "bust": 110,
            "waist": 83,
            "hips": 103
        }
    },
    {
        "model": "model.model",
        "pk": 5,
        "fields": {
            "model_user": 5,
            "date_of_birth": "2005-04-15",
            "city": "Berlin",
            "country": "Germany",
            "height": 186,
            "hair": "black",
            "eye_color": "green",
            "gender": "men",
            "bust": 114,
            "waist": 83,
            "hips": 109
        }
    },
    {
        "model": "model.model",
        "pk": 6,
        "fields": {
            "model_user": 6,
            "date_of_birth": "2000-10-11",
            "city": "Paris",
            "country": "France",
            "height": 188,
            "hair": "grey",
            "eye_color": "blue",
            "gender": "men",
            "bust": 112,
            "waist": 100,
            "hips": 96
        }
    },
    {
        "model": "model.model",
        "pk": 7,
        "fields": {
            "model_user": 7,
            "date_of_birth": "1996-11-16",
            "city": "Rome",
            "country": "Italy",
            "height": 183,
            "hair": "other",
            "eye_color": "hazel",
            "gender": "men",
            "bust": 104,
            "waist": 92,
            "hips": 120
        }
    },
    {
        "model": "model.model",
        "pk": 8,
        "fields": {
            "model_user": 8,
            "date_of_birth": "1999-10-08",
            "city": "Madrid",
            "country": "Spain",
            "height": 182,
            "hair": "black",
            "eye_color": "blue",
            "gender": "men",
            "bust": 117,
            "waist": 90,
            "hips": 85
        }
    },
    {
        "model": "model.model",
        "pk": 9,
        "fields": {
            "model_user": 9,
            "date_of_birth": "1997-09-02",
            "city": "Tokyo",
            "country": "Japan",
            "height": 182,
            "hair": "red",
            "eye_color": "brown",
            "gender": "men",
            "bust": 97,
            "waist": 71,
            "hips": 90
        }
    },
    {
        "model": "model.model",
        "pk": 10,
        "fields": {
            "model_user": 10,
            "date_of_birth": "2004-03-29",
            "city": "Beijing",
            "country": "China",
            "height": 176,
            "hair": "grey",
            "eye_color": "hazel",
            "gender": "men",
            "bust": 107,
            "waist": 78,
            "hips": 107
        }
    },
    {
        "model": "model.model",
        "pk": 11,
        "fields": {
            "model_user": 11,
            "date_of_birth": "2001-05-23",
            "city": "Rio de Janeiro",
            "country": "Brazil",
            "height": 179,
            "hair": "red",
            "eye_color": "brown",
            "gender": "men",
            "bust": 109,
            "waist": 75,
            "hips": 94
        }
    },
    {
        "model": "model.model",
        "pk": 12,
        "fields": {
            "model_user": 12,
            "date_of_birth": "2000-11-20",
            "city": "New Delhi",
            "country": "India",
            "height": 179,
            "hair": "blonde",
            "eye_color": "hazel",
            "gender": "men",
            "bust": 109,
            "waist": 62,
            "hips": 95
        }
    },
    {
        "model": "model.model",
        "pk": 13,
        "fields": {
            "model_user": 13,
            "date_of_birth": "1999-08-25",
            "city": "Mexico City",
            "country": "Mexico",
            "height": 190,
            "hair": "other",
            "eye_color": "green",
            "gender": "woman",
            "bust": 118,
            "waist": 66,
            "hips": 97
        }
    },
    {
        "model": "model.model",
        "pk": 14,
        "fields": {
            "model_user": 14,
            "date_of_birth": "2001-01-10",
            "city": "Moscow",
            "country": "Russia",
            "height": 179,
            "hair": "blonde",
            "eye_color": "green",
            "gender": "woman",
            "bust": 105,
            "waist": 88,
            "hips": 104
        }
    },
    {
        "model": "model.model",
        "pk": 15,
        "fields": {
            "model_user": 15,
            "date_of_birth": "1996-07-08",
            "city": "Seoul",
            "country": "South Korea",
            "height": 188,
            "hair": "red",
            "eye_color": "green",
            "gender": "woman",
            "bust": 103,
            "waist": 67,
            "hips": 87
        }
    },
    {
        "model": "model.model",
        "pk": 16,
        "fields": {
            "model_user": 16,
            "date_of_birth": "2003-05-18",
            "city": "Amsterdam",
            "country": "Netherlands",
            "height": 177,
            "hair": "black",
            "eye_color": "blue",
            "gender": "woman",
            "bust": 104,
            "waist": 87,
            "hips": 97
        }
    },
    {
        "model": "model.model",
        "pk": 17,
        "fields": {
            "model_user": 17,
            "date_of_birth": "2001-07-24",
            "city": "Cape Town",
            "country": "South Africa",
            "height": 179,
            "hair": "grey",
            "eye_color": "brown",
            "gender": "woman",
            "bust": 120,
            "waist": 96,
            "hips": 99
        }
    },
    {
        "model": "model.model",
        "pk": 18,
        "fields": {
            "model_user": 18,
            "date_of_birth": "2000-02-05",
            "city": "Stockholm",
            "country": "Sweden",
            "height": 171,
            "hair": "brown",
            "eye_color": "blue",
            "gender": "woman",
            "bust": 89,
            "waist": 64,
            "hips": 115
        }
    },
    {
        "model": "model.model",
        "pk": 19,
        "fields": {
            "model_user": 19,
            "date_of_birth": "2002-11-19",
            "city": "Oslo",
            "country": "Norway",
            "height": 187,
            "hair": "blonde",
            "eye_color": "gray",
            "gender": "woman",
            "bust": 118,
            "waist": 88,
            "hips": 96
        }
    },
    {
        "model": "model.model",
        "pk": 20,
        "fields": {
            "model_user": 20,
            "date_of_birth": "2004-03-24",
            "city": "Helsinki",
            "country": "Finland",
            "height": 171,
            "hair": "other",
            "eye_color": "gray",
            "gender": "woman",
            "bust": 95,
            "waist": 69,
            "hips": 108
        }
    },
    {
        "model": "model.model",
        "pk": 21,
        "fields": {
            "model_user": 21,
            "date_of_birth": "2000-09-29",
            "city": "Buenos Aires",
            "country": "Argentina",
            "height": 175,
            "hair": "other",
            "eye_color": "blue",
            "gender": "woman",
            "bust": 117,
            "waist": 81,
            "hips": 91
        }
    },
    {
        "model": "model.model",
        "pk": 22,
        "fields": {
            "model_user": 22,
            "date_of_birth": "2003-11-28",
            "city": "Cairo",
            "country": "Egypt",
            "height": 185,
            "hair": "other",
            "eye_color": "blue",
            "gender": "woman",
            "bust": 119,
            "waist": 100,
            "hips": 112
        }
    },
    {
        "model": "model.model",
        "pk": 23,
        "fields": {
            "model_user": 23,
            "date_of_birth": "2005-09-04",
            "city": "Athens",
            "country": "Greece",
            "height": 173,
            "hair": "grey",
            "eye_color": "brown",
            "gender": "woman",
            "bust": 110,
            "waist": 64,
            "hips": 117
        }
    },
    {
        "model": "model.model",
        "pk": 24,
        "fields": {
            "model_user": 24,
            "date_of_birth": "2005-01-05",
            "city": "Istanbul",
            "country": "Turkey",
            "height": 181,
            "hair": "blonde",
            "eye_color": "gray",
            "gender": "woman",
            "bust": 80,
            "waist": 63,
            "hips": 85
        }
    },
    {
        "model": "model.modelimages",
        "pk": 1,
        "fields": {
            "model": 1,
            "image": "",
            "caption": ""
        }
    },
    {
        "model": "model.modelimages",
        "pk": 2,
        "fields": {
            "model": 2,
            "image": "",
            "caption": ""
        }
    },
    {
        "model": "model.modelimages",
        "pk": 3,
        "fields": {
            "model": 3,
            "image": "",
            "caption": ""
        }
    },
    {
        "model": "model.modelimages",
        "pk": 4,
        "fields": {
            "model": 4,
            "image": "",
            "caption": ""
        }
    },
    {
        "model": "model.modelimages",
        "pk": 5,
        "fields": {
            "model": 5,
            "image": "",
            "caption": ""
        }
    },
    {
        "model": "model.modelimages",
        "pk": 6,
        "fields": {
            "model": 6,
            "image": "",
            "caption": ""
        }
    },
    {
        "model": "model.modelimages",
        "pk": 7,
        "fields": {
            "model": 7,
            "image": "",
            "caption": ""
        }
    },
    {
        "model": "model.modelimages",
        "pk": 8,
        "fields": {
            "model": 8,
            "image": "",
            "caption": ""
        }
    },
    {
        "model": "model.modelimages",
        "pk": 9,
        "fields": {
            "model": 9,
            "image": "",
            "caption": ""
        }
    },
    {
        "model": "model.modelimages",
        "pk": 10,
        "fields": {
            "model": 10,
            "image": "",
            "caption": ""
        }
    },
    {
        "model": "model.modelimages",
        "pk": 11,
        "fields": {
            "model": 11,
            "image": "",
            "caption": ""
        }
    },
    {
        "model": "model.modelimages",
        "pk": 12,
        "fields": {
            "model": 12,
            "image": "",
            "caption": ""
        }
    },
    {
        "model": "model.modelimages",
        "pk": 13,
        "fields": {
            "model": 13,
            "image": "",
            "caption": ""
        }
    },
    {
        "model": "model.modelimages",
        "pk": 14,
        "fields": {
            "model": 14,
            "image": "",
            "caption": ""
        }
    },
    {
        "model": "model.modelimages",
        "pk": 15,
        "fields": {
            "model": 15,
            "image": "",
            "caption": ""
        }
    },
    {
        "model": "model.modelimages",
        "pk": 16,
        "fields": {
            "model": 16,
            "image": "",
            "caption": ""
        }
    },
    {
        "model": "model.modelimages",
        "pk": 17,
        "fields": {
            "model": 17,
            "image": "",
            "caption": ""
        }
    },
    {
        "model": "model.modelimages",
        "pk": 18,
        "fields": {
            "model": 18,
            "image": "",
            "caption": ""
        }
    },
    {
        "model": "model.modelimages",
        "pk": 19,
        "fields": {
            "model": 19,
            "image": "",
            "caption": ""
        }
    },
    {
        "model": "model.modelimages",
        "pk": 20,
        "fields": {
            "model": 20,
            "image": "",
            "caption": ""
        }
    },
    {
        "model": "model.modelimages",
        "pk": 21,
        "fields": {
            "model": 21,
            "image": "",
            "caption": ""
        }
    },
    {
        "model": "model.modelimages",
        "pk": 22,
        "fields": {
            "model": 22,
            "image": "",
            "caption": ""
        }
    },
    {
        "model": "model.modelimages",
        "pk": 23,
        "fields": {
            "model": 23,
            "image": "",
            "caption": ""
        }
    },
    {
        "model": "model.modelimages",
        "pk": 24,
        "fields": {
            "model": 24,
            "image": "",
            "caption": ""
        }
    }
]