[
    {
        "model": "model.user",
        "pk": 1,
        "fields": {
            "is_superuser": false,
            "full_name": "John Doe",
            "is_staff": false,
            "is_active": false,
            "email": "model1@gmail.com",
            "groups": [],
            "user_permissions": []
        }
    },
    {
        "model": "model.user",
        "pk": 2,
        "fields": {
            "is_superuser": false,
            "full_name": "Michael Smith",
            "is_staff": false,
            "is_active": false,
            "email": "model2@gmail.com",
            "groups": [],
            "user_permissions": []
        }
    },
    {
        "model": "model.user",
        "pk": 3,
        "fields": {
            "is_superuser": false,
            "full_name": "David Johnson",
            "is_staff": false,
            "is_active": false,
            "email": "model3@gmail.com",
            "groups": [],
            "user_permissions": []
        }
    },
    {
        "model": "model.user",
        "pk": 4,
        "fields": {
            "is_superuser": false,
            "full_name": "James Brown",
            "is_staff": false,
            "is_active": false,
            "email": "model4@gmail.com",
            "groups": [],
            "user_permissions": []
        }
    },
    {
        "model": "model.user",
        "pk": 5,
        "fields": {
            "is_superuser": false,
            "full_name": "Robert Williams",
            "is_staff": false,
            "is_active": false,
            "email": "model5@gmail.com",
            "groups": [],
            "user_permissions": []
        }
    },
    {
        "model": "model.user",
        "pk": 6,
        "fields": {
            "is_superuser": false,
            "full_name": "William Jones",
            "is_staff": false,
            "is_active": false,
            "email": "model6@gmail.com",
            "groups": [],
            "user_permissions": []
        }
    },
    {
        "model": "model.user",
        "pk": 7,
        "fields": {
            "is_superuser": false,
            "full_name": "Joseph Garcia",
            "is_staff": false,
            "is_active": false,
            "email": "model7@gmail.com",
            "groups": [],
            "user_permissions": []
        }
    },
    {
        "model": "model.user",
        "pk": 8,
        "fields": {
            "is_superuser": false,
            "full_name": "Daniel Martinez",
            "is_staff": false,
            "is_active": false,
            "email": "model8@gmail.com",
            "groups": [],
            "user_permissions": []
        }
    },
    {
        "model": "model.user",
        "pk": 9,
        "fields": {
            "is_superuser": false,
            "full_name": "Matthew Hernandez",
            "is_staff": false,
            "is_active": false,
            "email": "model9@gmail.com",
            "groups": [],
            "user_permissions": []
        }
    },
    {
        "model": "model.user",
        "pk": 10,
        "fields": {
            "is_superuser": false,
            "full_name": "Christopher Lopez",
            "is_staff": false,
            "is_active": false,
            "email": "model10@gmail.com",
            "groups": [],
            "user_permissions": []
        }
    },
    {
        "model": "model.user",
        "pk": 11,
        "fields": {
            "is_superuser": false,
            "full_name": "Andrew Gonzalez",
            "is_staff": false,
            "is_active": false,
            "email": "model11@gmail.com",
            "groups": [],
            "user_permissions": []
        }
    },
    {
        "model": "model.user",
        "pk": 12,
        "fields": {
            "is_superuser": false,
            "full_name": "Joshua Perez",
            "is_staff": false,
            "is_active": false,
            "email": "model12@gmail.com",
            "groups": [],
            "user_permissions": []
        }
    },
    {
        "model": "model.user",
        "pk": 13,
        "fields": {
            "is_superuser": false,
            "full_name": "Emily Davis",
            "is_staff": false,
            "is_active": false,
            "email": "model13@gmail.com",
            "groups": [],
            "user_permissions": []
        }
    },
    {
        "model": "model.user",
        "pk": 14,
        "fields": {
            "is_superuser": false,
            "full_name": "Sarah Miller",
            "is_staff": false,
            "is_active": false,
            "email": "model14@gmail.com",
            "groups": [],
            "user_permissions": []
        }
    },
    {
        "model": "model.user",
        "pk": 15,
        "fields": {
            "is_superuser": false,
            "full_name": "Jessica Wilson",
            "is_staff": false,
            "is_active": false,
            "email": "model15@gmail.com",
            "groups": [],
            "user_permissions": []
        }
    },
    {
        "model": "model.user",
        "pk": 16,
        "fields": {
            "is_superuser": false,
            "full_name": "Emma Moore",
            "is_staff": false,
            "is_active": false,
            "email": "model16@gmail.com",
            "groups": [],
            "user_permissions": []
        }
    },
    {
        "model": "model.user",
        "pk": 17,
        "fields": {
            "is_superuser": false,
            "full_name": "Olivia Taylor",
            "is_staff": false,
            "is_active": false,
            "email": "model17@gmail.com",
            "groups": [],
            "user_permissions": []
        }
    },
    {
        "model": "model.user",
        "pk": 18,
        "fields": {
            "is_superuser": false,
            "full_name": "Sophia Anderson",
            "is_staff": false,
            "is_active": false,
            "email": "model18@gmail.com",
            "groups": [],
            "user_permissions": []
        }
    },
    {
        "model": "model.user",
        "pk": 19,
        "fields": {
            "is_superuser": false,
            "full_name": "Isabella Thomas",
            "is_staff": false,
            "is_active": false,
            "email": "model19@gmail.com",
            "groups": [],
            "user_permissions": []
        }
    },
    {
        "model": "model.user",
        "pk": 20,
        "fields": {
            "is_superuser": false,
            "full_name": "Mia Jackson",
            "is_staff": false,
            "is_active": false,
            "email": "model20@gmail.com",
            "groups": [],
            "user_permissions": []
        }
    },
    {
        "model": "model.user",
        "pk": 21,
        "fields": {
            "is_superuser": false,
            "full_name": "Charlotte White",
            "is_staff": false,
            "is_active": false,
            "email": "model21@gmail.com",
            "groups": [],
            "user_permissions": []
        }
    },
    {
        "model": "model.user",
        "pk": 22,
        "fields": {
            "is_superuser": false,
            "full_name": "Amelia Harris",
            "is_staff": false,
            "is_active": false,
            "email": "model22@gmail.com",
            "groups": [],
            "user_permissions": []
        }
    },
    {
        "model": "model.user",
        "pk": 23,
        "fields": {
            "is_superuser": false,
            "full_name": "Avery Martin",
            "is_staff": false,
            "is_active": false,
            "email": "model23@gmail.com",
            "groups": [],
            "user_permissions": []
        }
    },
    {
        "model": "model.user",
        "pk": 24,
        "fields": {
            "is_superuser": false,
            "full_name": "Ella Thompson",
            "is_staff": false,
            "is_active": false,
            "email": "model24@gmail.com",
            "groups": [],
            "user_permissions": []
        }
    },
    {
        "model": "model.user",
        "pk": 25,
        "fields": {
            "password": "pbkdf2_sha256$870000$caIwMjH8mMcugaumynwAZD$EWBLB4vdNi+w6hl3dSZQX0YHF+AcKKC1RgP6TcPDYmE=",
            "last_login": null,
            "is_superuser": true,
            "full_name": "Admin Test",
            "is_staff": true,
            "is_active": true,
            "email": "testadmin@gmail.com",
            "phone_number": null,
            "groups": [],
            "user_permissions": []
        }
    },
    {
        "model": "model.model",
        "pk": 1,
        "fields": {
            "model_user": 1,
            "date_of_birth": "2002-07-11",
            "city": "New York",
            "country": "USA",
            "height": 189,
            "hair": "red",
            "eye_color": "green",
            "gender": "man",
            "bust": 113,
            "waist": 95,
            "hips": 102
        }
    },
    {
        "model": "model.model",
        "pk": 2,
        "fields": {
            "model_user": 2,
            "date_of_birth": "2001-06-29",
            "city": "Toronto",
            "country": "Canada",
            "height": 189,
            "hair": "brown",
            "eye_color": "gray",
            "gender": "man",
            "bust": 115,
            "waist": 74,
            "hips": 88
        }
    },
    {
        "model": "model.model",
        "pk": 3,
        "fields": {
            "model_user": 3,
            "date_of_birth": "2004-08-29",
            "city": "London",
            "country": "UK",
            "height": 186,
            "hair": "grey",
            "eye_color": "hazel",
            "gender": "man",
            "bust": 98,
            "waist": 86,
            "hips": 82
        }
    },
    {
        "model": "model.model",
        "pk": 4,
        "fields": {
            "model_user": 4,
            "date_of_birth": "2003-02-16",
            "city": "Sydney",
            "country": "Australia",
            "height": 176,
            "hair": "grey",
            "eye_color": "brown",
            "gender": "man",
            "bust": 116,
            "waist": 76,
            "hips": 98
        }
    },
    {
        "model": "model.model",
        "pk": 5,
        "fields": {
            "model_user": 5,
            "date_of_birth": "1997-05-12",
            "city": "Berlin",
            "country": "Germany",
            "height": 190,
            "hair": "grey",
            "eye_color": "green",
            "gender": "man",
            "bust": 101,
            "waist": 89,
            "hips": 90
        }
    },
    {
        "model": "model.model",
        "pk": 6,
        "fields": {
            "model_user": 6,
            "date_of_birth": "2002-12-13",
            "city": "Paris",
            "country": "France",
            "height": 187,
            "hair": "blonde",
            "eye_color": "gray",
            "gender": "man",
            "bust": 117,
            "waist": 90,
            "hips": 85
        }
    },
    {
        "model": "model.model",
        "pk": 7,
        "fields": {
            "model_user": 7,
            "date_of_birth": "2005-02-07",
            "city": "Rome",
            "country": "Italy",
            "height": 182,
            "hair": "black",
            "eye_color": "green",
            "gender": "man",
            "bust": 110,
            "waist": 90,
            "hips": 99
        }
    },
    {
        "model": "model.model",
        "pk": 8,
        "fields": {
            "model_user": 8,
            "date_of_birth": "2000-12-01",
            "city": "Madrid",
            "country": "Spain",
            "height": 185,
            "hair": "black",
            "eye_color": "gray",
            "gender": "man",
            "bust": 107,
            "waist": 85,
            "hips": 98
        }
    },
    {
        "model": "model.model",
        "pk": 9,
        "fields": {
            "model_user": 9,
            "date_of_birth": "1997-03-07",
            "city": "Tokyo",
            "country": "Japan",
            "height": 188,
            "hair": "red",
            "eye_color": "green",
            "gender": "man",
            "bust": 82,
            "waist": 83,
            "hips": 101
        }
    },
    {
        "model": "model.model",
        "pk": 10,
        "fields": {
            "model_user": 10,
            "date_of_birth": "2000-11-27",
            "city": "Beijing",
            "country": "China",
            "height": 186,
            "hair": "grey",
            "eye_color": "hazel",
            "gender": "man",
            "bust": 87,
            "waist": 70,
            "hips": 116
        }
    },
    {
        "model": "model.model",
        "pk": 11,
        "fields": {
            "model_user": 11,
            "date_of_birth": "2001-07-21",
            "city": "Rio de Janeiro",
            "country": "Brazil",
            "height": 170,
            "hair": "blonde",
            "eye_color": "gray",
            "gender": "man",
            "bust": 101,
            "waist": 83,
            "hips": 89
        }
    },
    {
        "model": "model.model",
        "pk": 12,
        "fields": {
            "model_user": 12,
            "date_of_birth": "2001-12-27",
            "city": "New Delhi",
            "country": "India",
            "height": 173,
            "hair": "other",
            "eye_color": "hazel",
            "gender": "man",
            "bust": 105,
            "waist": 84,
            "hips": 103
        }
    },
    {
        "model": "model.model",
        "pk": 13,
        "fields": {
            "model_user": 13,
            "date_of_birth": "1999-05-12",
            "city": "Mexico City",
            "country": "Mexico",
            "height": 186,
            "hair": "brown",
            "eye_color": "gray",
            "gender": "woman",
            "bust": 96,
            "waist": 92,
            "hips": 106
        }
    },
    {
        "model": "model.model",
        "pk": 14,
        "fields": {
            "model_user": 14,
            "date_of_birth": "2004-08-03",
            "city": "Moscow",
            "country": "Russia",
            "height": 180,
            "hair": "other",
            "eye_color": "hazel",
            "gender": "woman",
            "bust": 88,
            "waist": 78,
            "hips": 84
        }
    },
    {
        "model": "model.model",
        "pk": 15,
        "fields": {
            "model_user": 15,
            "date_of_birth": "1995-09-08",
            "city": "Seoul",
            "country": "South Korea",
            "height": 190,
            "hair": "blonde",
            "eye_color": "brown",
            "gender": "woman",
            "bust": 104,
            "waist": 69,
            "hips": 96
        }
    },
    {
        "model": "model.model",
        "pk": 16,
        "fields": {
            "model_user": 16,
            "date_of_birth": "1998-05-17",
            "city": "Amsterdam",
            "country": "Netherlands",
            "height": 182,
            "hair": "other",
            "eye_color": "blue",
            "gender": "woman",
            "bust": 89,
            "waist": 78,
            "hips": 113
        }
    },
    {
        "model": "model.model",
        "pk": 17,
        "fields": {
            "model_user": 17,
            "date_of_birth": "2003-12-16",
            "city": "Cape Town",
            "country": "South Africa",
            "height": 187,
            "hair": "red",
            "eye_color": "gray",
            "gender": "woman",
            "bust": 109,
            "waist": 66,
            "hips": 102
        }
    },
    {
        "model": "model.model",
        "pk": 18,
        "fields": {
            "model_user": 18,
            "date_of_birth": "2002-08-24",
            "city": "Stockholm",
            "country": "Sweden",
            "height": 175,
            "hair": "brown",
            "eye_color": "gray",
            "gender": "woman",
            "bust": 84,
            "waist": 62,
            "hips": 88
        }
    },
    {
        "model": "model.model",
        "pk": 19,
        "fields": {
            "model_user": 19,
            "date_of_birth": "2002-01-19",
            "city": "Oslo",
            "country": "Norway",
            "height": 180,
            "hair": "brown",
            "eye_color": "brown",
            "gender": "woman",
            "bust": 93,
            "waist": 64,
            "hips": 94
        }
    },
    {
        "model": "model.model",
        "pk": 20,
        "fields": {
            "model_user": 20,
            "date_of_birth": "2004-06-17",
            "city": "Helsinki",
            "country": "Finland",
            "height": 172,
            "hair": "brown",
            "eye_color": "green",
            "gender": "woman",
            "bust": 116,
            "waist": 73,
            "hips": 111
        }
    },
    {
        "model": "model.model",
        "pk": 21,
        "fields": {
            "model_user": 21,
            "date_of_birth": "1997-06-18",
            "city": "Buenos Aires",
            "country": "Argentina",
            "height": 178,
            "hair": "black",
            "eye_color": "green",
            "gender": "woman",
            "bust": 92,
            "waist": 77,
            "hips": 103
        }
    },
    {
        "model": "model.model",
        "pk": 22,
        "fields": {
            "model_user": 22,
            "date_of_birth": "1998-03-09",
            "city": "Cairo",
            "country": "Egypt",
            "height": 185,
            "hair": "black",
            "eye_color": "green",
            "gender": "woman",
            "bust": 89,
            "waist": 77,
            "hips": 86
        }
    },
    {
        "model": "model.model",
        "pk": 23,
        "fields": {
            "model_user": 23,
            "date_of_birth": "2002-11-15",
            "city": "Athens",
            "country": "Greece",
            "height": 177,
            "hair": "brown",
            "eye_color": "green",
            "gender": "woman",
            "bust": 93,
            "waist": 74,
            "hips": 106
        }
    },
    {
        "model": "model.model",
        "pk": 24,
        "fields": {
            "model_user": 24,
            "date_of_birth": "2003-02-28",
            "city": "Istanbul",
            "country": "Turkey",
            "height": 176,
            "hair": "blonde",
            "eye_color": "hazel",
            "gender": "woman",
            "bust": 99,
            "waist": 64,
            "hips": 83
        }
    },
    {
        "model": "model.modelimages",
        "pk": 1,
        "fields": {
            "model": 1,
            "image": "",
            "caption": ""
        }
    },
    {
        "model": "model.modelimages",
        "pk": 2,
        "fields": {
            "model": 2,
            "image": "",
            "caption": ""
        }
    },
    {
        "model": "model.modelimages",
        "pk": 3,
        "fields": {
            "model": 3,
            "image": "",
            "caption": ""
        }
    },
    {
        "model": "model.modelimages",
        "pk": 4,
        "fields": {
            "model": 4,
            "image": "",
            "caption": ""
        }
    },
    {
        "model": "model.modelimages",
        "pk": 5,
        "fields": {
            "model": 5,
            "image": "",
            "caption": ""
        }
    },
    {
        "model": "model.modelimages",
        "pk": 6,
        "fields": {
            "model": 6,
            "image": "",
            "caption": ""
        }
    },
    {
        "model": "model.modelimages",
        "pk": 7,
        "fields": {
            "model": 7,
            "image": "",
            "caption": ""
        }
    },
    {
        "model": "model.modelimages",
        "pk": 8,
        "fields": {
            "model": 8,
            "image": "",
            "caption": ""
        }
    },
    {
        "model": "model.modelimages",
        "pk": 9,
        "fields": {
            "model": 9,
            "image": "",
            "caption": ""
        }
    },
    {
        "model": "model.modelimages",
        "pk": 10,
        "fields": {
            "model": 10,
            "image": "",
            "caption": ""
        }
    },
    {
        "model": "model.modelimages",
        "pk": 11,
        "fields": {
            "model": 11,
            "image": "",
            "caption": ""
        }
    },
    {
        "model": "model.modelimages",
        "pk": 12,
        "fields": {
            "model": 12,
            "image": "",
            "caption": ""
        }
    },
    {
        "model": "model.modelimages",
        "pk": 13,
        "fields": {
            "model": 13,
            "image": "",
            "caption": ""
        }
    },
    {
        "model": "model.modelimages",
        "pk": 14,
        "fields": {
            "model": 14,
            "image": "",
            "caption": ""
        }
    },
    {
        "model": "model.modelimages",
        "pk": 15,
        "fields": {
            "model": 15,
            "image": "",
            "caption": ""
        }
    },
    {
        "model": "model.modelimages",
        "pk": 16,
        "fields": {
            "model": 16,
            "image": "",
            "caption": ""
        }
    },
    {
        "model": "model.modelimages",
        "pk": 17,
        "fields": {
            "model": 17,
            "image": "",
            "caption": ""
        }
    },
    {
        "model": "model.modelimages",
        "pk": 18,
        "fields": {
            "model": 18,
            "image": "",
            "caption": ""
        }
    },
    {
        "model": "model.modelimages",
        "pk": 19,
        "fields": {
            "model": 19,
            "image": "",
            "caption": ""
        }
    },
    {
        "model": "model.modelimages",
        "pk": 20,
        "fields": {
            "model": 20,
            "image": "",
            "caption": ""
        }
    },
    {
        "model": "model.modelimages",
        "pk": 21,
        "fields": {
            "model": 21,
            "image": "",
            "caption": ""
        }
    },
    {
        "model": "model.modelimages",
        "pk": 22,
        "fields": {
            "model": 22,
            "image": "",
            "caption": ""
        }
    },
    {
        "model": "model.modelimages",
        "pk": 23,
        "fields": {
            "model": 23,
            "image": "",
            "caption": ""
        }
    },
    {
        "model": "model.modelimages",
        "pk": 24,
        "fields": {
            "model": 24,
            "image": "",
            "caption": ""
        }
    }
]