[
    {
        "model": "model.user",
        "pk": 1,
        "fields": {
            "is_superuser": false,
            "full_name": "John Doe",
            "is_staff": false,
            "is_active": false,
            "email": "model1@gmail.com",
            "groups": [],
            "user_permissions": []
        }
    },
    {
        "model": "model.user",
        "pk": 2,
        "fields": {
            "is_superuser": false,
            "full_name": "Michael Smith",
            "is_staff": false,
            "is_active": false,
            "email": "model2@gmail.com",
            "groups": [],
            "user_permissions": []
        }
    },
    {
        "model": "model.user",
        "pk": 3,
        "fields": {
            "is_superuser": false,
            "full_name": "David Johnson",
            "is_staff": false,
            "is_active": false,
            "email": "model3@gmail.com",
            "groups": [],
            "user_permissions": []
        }
    },
    {
        "model": "model.user",
        "pk": 4,
        "fields": {
            "is_superuser": false,
            "full_name": "James Brown",
            "is_staff": false,
            "is_active": false,
            "email": "model4@gmail.com",
            "groups": [],
            "user_permissions": []
        }
    },
    {
        "model": "model.user",
        "pk": 5,
        "fields": {
            "is_superuser": false,
            "full_name": "Robert Williams",
            "is_staff": false,
            "is_active": false,
            "email": "model5@gmail.com",
            "groups": [],
            "user_permissions": []
        }
    },
    {
        "model": "model.user",
        "pk": 6,
        "fields": {
            "is_superuser": false,
            "full_name": "William Jones",
            "is_staff": false,
            "is_active": false,
            "email": "model6@gmail.com",
            "groups": [],
            "user_permissions": []
        }
    },
    {
        "model": "model.user",
        "pk": 7,
        "fields": {
            "is_superuser": false,
            "full_name": "Joseph Garcia",
            "is_staff": false,
            "is_active": false,
            "email": "model7@gmail.com",
            "groups": [],
            "user_permissions": []
        }
    },
    {
        "model": "model.user",
        "pk": 8,
        "fields": {
            "is_superuser": false,
            "full_name": "Daniel Martinez",
            "is_staff": false,
            "is_active": false,
            "email": "model8@gmail.com",
            "groups": [],
            "user_permissions": []
        }
    },
    {
        "model": "model.user",
        "pk": 9,
        "fields": {
            "is_superuser": false,
            "full_name": "Matthew Hernandez",
            "is_staff": false,
            "is_active": false,
            "email": "model9@gmail.com",
            "groups": [],
            "user_permissions": []
        }
    },
    {
        "model": "model.user",
        "pk": 10,
        "fields": {
            "is_superuser": false,
            "full_name": "Christopher Lopez",
            "is_staff": false,
            "is_active": false,
            "email": "model10@gmail.com",
            "groups": [],
            "user_permissions": []
        }
    },
    {
        "model": "model.user",
        "pk": 11,
        "fields": {
            "is_superuser": false,
            "full_name": "Andrew Gonzalez",
            "is_staff": false,
            "is_active": false,
            "email": "model11@gmail.com",
            "groups": [],
            "user_permissions": []
        }
    },
    {
        "model": "model.user",
        "pk": 12,
        "fields": {
            "is_superuser": false,
            "full_name": "Joshua Perez",
            "is_staff": false,
            "is_active": false,
            "email": "model12@gmail.com",
            "groups": [],
            "user_permissions": []
        }
    },
    {
        "model": "model.user",
        "pk": 13,
        "fields": {
            "is_superuser": false,
            "full_name": "Emily Davis",
            "is_staff": false,
            "is_active": false,
            "email": "model13@gmail.com",
            "groups": [],
            "user_permissions": []
        }
    },
    {
        "model": "model.user",
        "pk": 14,
        "fields": {
            "is_superuser": false,
            "full_name": "Sarah Miller",
            "is_staff": false,
            "is_active": false,
            "email": "model14@gmail.com",
            "groups": [],
            "user_permissions": []
        }
    },
    {
        "model": "model.user",
        "pk": 15,
        "fields": {
            "is_superuser": false,
            "full_name": "Jessica Wilson",
            "is_staff": false,
            "is_active": false,
            "email": "model15@gmail.com",
            "groups": [],
            "user_permissions": []
        }
    },
    {
        "model": "model.user",
        "pk": 16,
        "fields": {
            "is_superuser": false,
            "full_name": "Emma Moore",
            "is_staff": false,
            "is_active": false,
            "email": "model16@gmail.com",
            "groups": [],
            "user_permissions": []
        }
    },
    {
        "model": "model.user",
        "pk": 17,
        "fields": {
            "is_superuser": false,
            "full_name": "Olivia Taylor",
            "is_staff": false,
            "is_active": false,
            "email": "model17@gmail.com",
            "groups": [],
            "user_permissions": []
        }
    },
    {
        "model": "model.user",
        "pk": 18,
        "fields": {
            "is_superuser": false,
            "full_name": "Sophia Anderson",
            "is_staff": false,
            "is_active": false,
            "email": "model18@gmail.com",
            "groups": [],
            "user_permissions": []
        }
    },
    {
        "model": "model.user",
        "pk": 19,
        "fields": {
            "is_superuser": false,
            "full_name": "Isabella Thomas",
            "is_staff": false,
            "is_active": false,
            "email": "model19@gmail.com",
            "groups": [],
            "user_permissions": []
        }
    },
    {
        "model": "model.user",
        "pk": 20,
        "fields": {
            "is_superuser": false,
            "full_name": "Mia Jackson",
            "is_staff": false,
            "is_active": false,
            "email": "model20@gmail.com",
            "groups": [],
            "user_permissions": []
        }
    },
    {
        "model": "model.user",
        "pk": 21,
        "fields": {
            "is_superuser": false,
            "full_name": "Charlotte White",
            "is_staff": false,
            "is_active": false,
            "email": "model21@gmail.com",
            "groups": [],
            "user_permissions": []
        }
    },
    {
        "model": "model.user",
        "pk": 22,
        "fields": {
            "is_superuser": false,
            "full_name": "Amelia Harris",
            "is_staff": false,
            "is_active": false,
            "email": "model22@gmail.com",
            "groups": [],
            "user_permissions": []
        }
    },
    {
        "model": "model.user",
        "pk": 23,
        "fields": {
            "is_superuser": false,
            "full_name": "Avery Martin",
            "is_staff": false,
            "is_active": false,
            "email": "model23@gmail.com",
            "groups": [],
            "user_permissions": []
        }
    },
    {
        "model": "model.user",
        "pk": 24,
        "fields": {
            "is_superuser": false,
            "full_name": "Ella Thompson",
            "is_staff": false,
            "is_active": false,
            "email": "model24@gmail.com",
            "groups": [],
            "user_permissions": []
        }
    },
    {
        "model": "model.user",
        "pk": 25,
        "fields": {
            "password": "pbkdf2_sha256$870000$caIwMjH8mMcugaumynwAZD$EWBLB4vdNi+w6hl3dSZQX0YHF+AcKKC1RgP6TcPDYmE=",
            "last_login": null,
            "is_superuser": true,
            "full_name": "Admin Test",
            "is_staff": true,
            "is_active": true,
            "email": "testadmin@gmail.com",
            "phone_number": null,
            "groups": [],
            "user_permissions": []
        }
    },
    {
        "model": "model.model",
        "pk": 1,
        "fields": {
            "model_user": 1,
            "date_of_birth": "1996-01-11",
            "city": "New York",
            "country": "USA",
            "height": 186,
            "hair": "blonde",
            "eye_color": "brown",
            "gender": "men",
            "bust": 88,
            "waist": 85,
            "hips": 92
        }
    },
    {
        "model": "model.model",
        "pk": 2,
        "fields": {
            "model_user": 2,
            "date_of_birth": "1996-01-03",
            "city": "Toronto",
            "country": "Canada",
            "height": 177,
            "hair": "red",
            "eye_color": "green",
            "gender": "men",
            "bust": 89,
            "waist": 95,
            "hips": 110
        }
    },
    {
        "model": "model.model",
        "pk": 3,
        "fields": {
            "model_user": 3,
            "date_of_birth": "2005-10-07",
            "city": "London",
            "country": "UK",
            "height": 171,
            "hair": "red",
            "eye_color": "blue",
            "gender": "men",
            "bust": 102,
            "waist": 89,
            "hips": 87
        }
    },
    {
        "model": "model.model",
        "pk": 4,
        "fields": {
            "model_user": 4,
            "date_of_birth": "2004-05-19",
            "city": "Sydney",
            "country": "Australia",
            "height": 186,
            "hair": "brown",
            "eye_color": "gray",
            "gender": "men",
            "bust": 93,
            "waist": 88,
            "hips": 106
        }
    },
    {
        "model": "model.model",
        "pk": 5,
        "fields": {
            "model_user": 5,
            "date_of_birth": "2002-04-21",
            "city": "Berlin",
            "country": "Germany",
            "height": 189,
            "hair": "black",
            "eye_color": "blue",
            "gender": "men",
            "bust": 90,
            "waist": 93,
            "hips": 118
        }
    },
    {
        "model": "model.model",
        "pk": 6,
        "fields": {
            "model_user": 6,
            "date_of_birth": "1995-03-14",
            "city": "Paris",
            "country": "France",
            "height": 173,
            "hair": "other",
            "eye_color": "hazel",
            "gender": "men",
            "bust": 94,
            "waist": 71,
            "hips": 93
        }
    },
    {
        "model": "model.model",
        "pk": 7,
        "fields": {
            "model_user": 7,
            "date_of_birth": "1997-11-03",
            "city": "Rome",
            "country": "Italy",
            "height": 185,
            "hair": "black",
            "eye_color": "brown",
            "gender": "men",
            "bust": 108,
            "waist": 70,
            "hips": 111
        }
    },
    {
        "model": "model.model",
        "pk": 8,
        "fields": {
            "model_user": 8,
            "date_of_birth": "2001-01-07",
            "city": "Madrid",
            "country": "Spain",
            "height": 178,
            "hair": "black",
            "eye_color": "gray",
            "gender": "men",
            "bust": 115,
            "waist": 82,
            "hips": 96
        }
    },
    {
        "model": "model.model",
        "pk": 9,
        "fields": {
            "model_user": 9,
            "date_of_birth": "1995-12-19",
            "city": "Tokyo",
            "country": "Japan",
            "height": 177,
            "hair": "brown",
            "eye_color": "hazel",
            "gender": "men",
            "bust": 118,
            "waist": 89,
            "hips": 105
        }
    },
    {
        "model": "model.model",
        "pk": 10,
        "fields": {
            "model_user": 10,
            "date_of_birth": "1999-09-25",
            "city": "Beijing",
            "country": "China",
            "height": 189,
            "hair": "red",
            "eye_color": "brown",
            "gender": "men",
            "bust": 102,
            "waist": 82,
            "hips": 112
        }
    },
    {
        "model": "model.model",
        "pk": 11,
        "fields": {
            "model_user": 11,
            "date_of_birth": "1998-01-22",
            "city": "Rio de Janeiro",
            "country": "Brazil",
            "height": 176,
            "hair": "brown",
            "eye_color": "blue",
            "gender": "men",
            "bust": 88,
            "waist": 61,
            "hips": 95
        }
    },
    {
        "model": "model.model",
        "pk": 12,
        "fields": {
            "model_user": 12,
            "date_of_birth": "1999-08-23",
            "city": "New Delhi",
            "country": "India",
            "height": 184,
            "hair": "red",
            "eye_color": "gray",
            "gender": "men",
            "bust": 116,
            "waist": 93,
            "hips": 117
        }
    },
    {
        "model": "model.model",
        "pk": 13,
        "fields": {
            "model_user": 13,
            "date_of_birth": "2000-03-02",
            "city": "Mexico City",
            "country": "Mexico",
            "height": 180,
            "hair": "blonde",
            "eye_color": "green",
            "gender": "woman",
            "bust": 95,
            "waist": 86,
            "hips": 111
        }
    },
    {
        "model": "model.model",
        "pk": 14,
        "fields": {
            "model_user": 14,
            "date_of_birth": "2001-06-11",
            "city": "Moscow",
            "country": "Russia",
            "height": 184,
            "hair": "other",
            "eye_color": "gray",
            "gender": "woman",
            "bust": 112,
            "waist": 89,
            "hips": 96
        }
    },
    {
        "model": "model.model",
        "pk": 15,
        "fields": {
            "model_user": 15,
            "date_of_birth": "2005-05-07",
            "city": "Seoul",
            "country": "South Korea",
            "height": 181,
            "hair": "red",
            "eye_color": "brown",
            "gender": "woman",
            "bust": 113,
            "waist": 97,
            "hips": 100
        }
    },
    {
        "model": "model.model",
        "pk": 16,
        "fields": {
            "model_user": 16,
            "date_of_birth": "2001-03-09",
            "city": "Amsterdam",
            "country": "Netherlands",
            "height": 190,
            "hair": "black",
            "eye_color": "gray",
            "gender": "woman",
            "bust": 116,
            "waist": 70,
            "hips": 99
        }
    },
    {
        "model": "model.model",
        "pk": 17,
        "fields": {
            "model_user": 17,
            "date_of_birth": "2004-05-23",
            "city": "Cape Town",
            "country": "South Africa",
            "height": 186,
            "hair": "black",
            "eye_color": "gray",
            "gender": "woman",
            "bust": 95,
            "waist": 71,
            "hips": 82
        }
    },
    {
        "model": "model.model",
        "pk": 18,
        "fields": {
            "model_user": 18,
            "date_of_birth": "1995-09-14",
            "city": "Stockholm",
            "country": "Sweden",
            "height": 171,
            "hair": "red",
            "eye_color": "brown",
            "gender": "woman",
            "bust": 85,
            "waist": 87,
            "hips": 102
        }
    },
    {
        "model": "model.model",
        "pk": 19,
        "fields": {
            "model_user": 19,
            "date_of_birth": "1998-06-11",
            "city": "Oslo",
            "country": "Norway",
            "height": 186,
            "hair": "black",
            "eye_color": "blue",
            "gender": "woman",
            "bust": 86,
            "waist": 81,
            "hips": 105
        }
    },
    {
        "model": "model.model",
        "pk": 20,
        "fields": {
            "model_user": 20,
            "date_of_birth": "2002-09-04",
            "city": "Helsinki",
            "country": "Finland",
            "height": 190,
            "hair": "red",
            "eye_color": "brown",
            "gender": "woman",
            "bust": 92,
            "waist": 85,
            "hips": 88
        }
    },
    {
        "model": "model.model",
        "pk": 21,
        "fields": {
            "model_user": 21,
            "date_of_birth": "2004-08-02",
            "city": "Buenos Aires",
            "country": "Argentina",
            "height": 178,
            "hair": "blonde",
            "eye_color": "gray",
            "gender": "woman",
            "bust": 80,
            "waist": 62,
            "hips": 88
        }
    },
    {
        "model": "model.model",
        "pk": 22,
        "fields": {
            "model_user": 22,
            "date_of_birth": "2000-07-18",
            "city": "Cairo",
            "country": "Egypt",
            "height": 179,
            "hair": "brown",
            "eye_color": "green",
            "gender": "woman",
            "bust": 83,
            "waist": 73,
            "hips": 99
        }
    },
    {
        "model": "model.model",
        "pk": 23,
        "fields": {
            "model_user": 23,
            "date_of_birth": "2004-11-17",
            "city": "Athens",
            "country": "Greece",
            "height": 189,
            "hair": "grey",
            "eye_color": "gray",
            "gender": "woman",
            "bust": 89,
            "waist": 73,
            "hips": 89
        }
    },
    {
        "model": "model.model",
        "pk": 24,
        "fields": {
            "model_user": 24,
            "date_of_birth": "1997-04-01",
            "city": "Istanbul",
            "country": "Turkey",
            "height": 175,
            "hair": "brown",
            "eye_color": "green",
            "gender": "woman",
            "bust": 90,
            "waist": 82,
            "hips": 113
        }
    },
    {
        "model": "model.modelimages",
        "pk": 1,
        "fields": {
            "model": 1,
            "image": "",
            "caption": ""
        }
    },
    {
        "model": "model.modelimages",
        "pk": 2,
        "fields": {
            "model": 2,
            "image": "",
            "caption": ""
        }
    },
    {
        "model": "model.modelimages",
        "pk": 3,
        "fields": {
            "model": 3,
            "image": "",
            "caption": ""
        }
    },
    {
        "model": "model.modelimages",
        "pk": 4,
        "fields": {
            "model": 4,
            "image": "",
            "caption": ""
        }
    },
    {
        "model": "model.modelimages",
        "pk": 5,
        "fields": {
            "model": 5,
            "image": "",
            "caption": ""
        }
    },
    {
        "model": "model.modelimages",
        "pk": 6,
        "fields": {
            "model": 6,
            "image": "",
            "caption": ""
        }
    },
    {
        "model": "model.modelimages",
        "pk": 7,
        "fields": {
            "model": 7,
            "image": "",
            "caption": ""
        }
    },
    {
        "model": "model.modelimages",
        "pk": 8,
        "fields": {
            "model": 8,
            "image": "",
            "caption": ""
        }
    },
    {
        "model": "model.modelimages",
        "pk": 9,
        "fields": {
            "model": 9,
            "image": "",
            "caption": ""
        }
    },
    {
        "model": "model.modelimages",
        "pk": 10,
        "fields": {
            "model": 10,
            "image": "",
            "caption": ""
        }
    },
    {
        "model": "model.modelimages",
        "pk": 11,
        "fields": {
            "model": 11,
            "image": "",
            "caption": ""
        }
    },
    {
        "model": "model.modelimages",
        "pk": 12,
        "fields": {
            "model": 12,
            "image": "",
            "caption": ""
        }
    },
    {
        "model": "model.modelimages",
        "pk": 13,
        "fields": {
            "model": 13,
            "image": "",
            "caption": ""
        }
    },
    {
        "model": "model.modelimages",
        "pk": 14,
        "fields": {
            "model": 14,
            "image": "",
            "caption": ""
        }
    },
    {
        "model": "model.modelimages",
        "pk": 15,
        "fields": {
            "model": 15,
            "image": "",
            "caption": ""
        }
    },
    {
        "model": "model.modelimages",
        "pk": 16,
        "fields": {
            "model": 16,
            "image": "",
            "caption": ""
        }
    },
    {
        "model": "model.modelimages",
        "pk": 17,
        "fields": {
            "model": 17,
            "image": "",
            "caption": ""
        }
    },
    {
        "model": "model.modelimages",
        "pk": 18,
        "fields": {
            "model": 18,
            "image": "",
            "caption": ""
        }
    },
    {
        "model": "model.modelimages",
        "pk": 19,
        "fields": {
            "model": 19,
            "image": "",
            "caption": ""
        }
    },
    {
        "model": "model.modelimages",
        "pk": 20,
        "fields": {
            "model": 20,
            "image": "",
            "caption": ""
        }
    },
    {
        "model": "model.modelimages",
        "pk": 21,
        "fields": {
            "model": 21,
            "image": "",
            "caption": ""
        }
    },
    {
        "model": "model.modelimages",
        "pk": 22,
        "fields": {
            "model": 22,
            "image": "",
            "caption": ""
        }
    },
    {
        "model": "model.modelimages",
        "pk": 23,
        "fields": {
            "model": 23,
            "image": "",
            "caption": ""
        }
    },
    {
        "model": "model.modelimages",
        "pk": 24,
        "fields": {
            "model": 24,
            "image": "",
            "caption": ""
        }
    }
]